n_sites,hilbert_dim,h_terms,E0_normalized,gap
9,512,42,-1.4219039949999581,6.8833827526759706e-15
18,262144,87,-1.4996285889531527,0.037083213159863515
